<?xml version='1.0' encoding='UTF-8'?>
<faces-config version="2.3" xmlns="http://xmlns.jcp.org/xml/ns/javaee"
              xmlns:xsi="http://www.w3.org/2001/XMLSchema-instance"
              xsi:schemaLocation="http://xmlns.jcp.org/xml/ns/javaee
    http://xmlns.jcp.org/xml/ns/javaee/web-facesconfig_2_3.xsd">


    <managed-bean>
        <managed-bean-name>bean</managed-bean-name>
        <managed-bean-class>webapp.Bean</managed-bean-class>
        <managed-bean-scope>session</managed-bean-scope>
    </managed-bean>





</faces-config>