[{"name":"gas 21","coordinates":{"x":15.884,"y":84.22},"creationDate":"2021-03-20T18:03:58.0285776+03:00[Europe/Moscow]","enginePower":115.0,"vehicleType":"SPACESHIP","fuelType":"DIESEL","id":1},{"name":"supra a70","coordinates":{"x":13.112,"y":111.99},"creationDate":"2021-03-20T18:04:47.2718866+03:00[Europe/Moscow]","enginePower":241.0,"vehicleType":"SPACESHIP","fuelType":"PLASMA","id":2},{"name":"new car","coordinates":{"x":111.0,"y":112.0},"creationDate":"2021-03-29T15:02:25.6599277+03:00[Europe/Moscow]","enginePower":113.0,"vehicleType":"MOTORCYCLE","fuelType":"ANTIMATTER","id":3}]