<?xml version="1.0" encoding="UTF-8"?>
<!DOCTYPE hibernate-configuration PUBLIC
        "-//Hibernate/Hibernate Configuration DTD//EN"
        "http://www.hibernate.org/dtd/hibernate-configuration-3.0.dtd">

<hibernate-configuration>
    <session-factory>
        <property name="hibernate.connection.driver_class">org.postgresql.Driver</property>

        <property name="hibernate.connection.url">jdbc:postgresql://pg:5432/studs</property>

        <property name="hibernate.connection.username">s308414</property>
        <property name="hibernate.connection.password">prw133</property>

        <property name="show_sql">true</property>



        <property name="hibernate.dialect">org.hibernate.dialect.PostgreSQL9Dialect</property>

        <property name="hibernate.hbm2ddl.auto"></property>

        <mapping class = "webapp.Result"></mapping>
    </session-factory>


</hibernate-configuration>